<?xml version="1.0" encoding="UTF-8"?>
<!DOCTYPE configuration PUBLIC "-//mybatis.org//DTD Config 3.0//EN" "http://mybatis.org/dtd/mybatis-3-config.dtd">

<configuration>

 <!-- sql 옵션: DB(컬럼:언더바표현식)=자바(필드:카멜표현식), sql문에 null 값을 허용
 ex) insert ~ value(null) 허용 원래 String에 null 못 넣게 설정되어있음 
 Settings 설정 -->
    <settings>
        <setting name="mapUnderscoreToCamelCase" value="true"/>
        <setting name="jdbcTypeForNull" value="NULL"/>
    </settings>
 <!-- 마이바티스 별명 지정하는 곳 -->
 <typeAliases>
   <typeAlias type="egovframework.example.common.Criteria" alias="Criteria"/>
   <typeAlias type="egovframework.example.dept.service.DeptVO" alias="DeptVO"/>
   <typeAlias type="egovframework.example.emp.service.EmpVO" alias="empVO"/>
   <typeAlias type="egovframework.example.fileDb.service.FileDbVO" alias="FileDbVO"/>
   <typeAlias type="egovframework.example.gallery.service.GalleryVO" alias="GalleryVO"/>
   <typeAlias type="egovframework.example.auth.service.MemberVO" alias="MemberVO"/>
   <typeAlias type="egovframework.example.faq.service.FaqVO" alias="FaqVO"/>
 
		<typeAlias alias="egovMap" type="org.egovframe.rte.psl.dataaccess.util.EgovMap"/>
		<typeAlias alias="searchVO" type="egovframework.example.sample.service.SampleDefaultVO"/>
		<typeAlias alias="sampleVO" type="egovframework.example.sample.service.SampleVO"/>
    </typeAliases>
</configuration>